Sr. No.,beGAN Peptide,AlphaFold2-Structure (rank 1) DSSP,Alphafold2 Beta Content %,ESMFold-Structure DSSP,ESMFold Beta Content %
1,VVIFAIQHDHIVFERE,CEEEEEECCEEEEEEC,75.0,CCCCCCCCCCCCCCCC,0.0
2,MWSHRFYGSKLIFMLE,CEEEEEECCEEEEEEC,75.0,CCCCCCCCCCCCCCCC,0.0
3,TTMTFSKQGHILFVLY,CEEEECCCCCEEEECC,50.0,CEEEECCCCCEEEECC,50.0
4,DRIFIEFCGHKAIGCV,CEEEEEECCEEEEEEC,75.0,CCCCCCCCCCCCCCCC,0.0
5,YATYVTRKGHCTKKGW,CCEEECCCCCEEECCC,37.5,CCCEECCCCCEECCCC,25.0
6,HMWPICYDGTVCCVVM,CCCEEECCCCCEEECC,37.5,CCCCECCCCCECCCCC,12.5
7,KIHQGTSSSGLYIKYR,CCCCCCCCCCCCCCCC,0.0,CCCCCECCCCCECCCC,12.5
8,LTVTEEQKGRKVLFKG,CCCCCCCCCCCCCCCC,0.0,CCCCCCCCCCCCCCCC,0.0
9,FIIILKNGDYIFLKKK,CEEEEECCEEEEECCC,62.5,CEEEEECCEEEEECCC,62.5
10,SRTVISVDSLELYVVR,CEEEEEECCEEEEEEC,75.0,CCCCCCCCCCCCCCCC,0.0
11,KQVVASSPDADVQWRT,CCCCCCCCCCCCCCCC,0.0,CCCCCCCCCCCCCCCC,0.0
12,DQIPIEICGRKAIGSV,CEEEEEECCEEEEEEC,75.0,CEEEEEECCEEEEEEC,75.0
13,YALTVEFSGQTMLFKS,CEEEEEECCEEEEEEC,75.0,CEEEEEECCEEEEEEC,75.0
14,LFFEGCTNGFQFHCVS,CEEEEEECCEEEEEEC,75.0,CCCCCCCCCCCCCCCC,0.0
15,WTMHFMFGGDFFHFWR,CCEEEEECCEEEEECC,62.5,CCCCCCCCCCHHHHCC,0.0
16,FLQHGCVDGNLYVLKS,CEEEEEECCEEEEEEC,75.0,CCCCCCCCCCCCCCCC,0.0
17,LLYVVCRGGQHLTFRS,CEEEEEECCEEEEEEC,75.0,CEEEEEECCEEEEEEC,75.0
18,IHMEGDVNGHKFFVEG,CEEEEEECCEEEEEEC,75.0,CEEEEEECCEEEEEEC,75.0
19,VKHFKVQDDGFRLQFH,CCCCCCCCCCCCCCCC,0.0,CCCCCCCCCCCCCCCC,0.0
20,YIIPYEYDGKVYDYYI,CEEEEEECCEEEEEEC,75.0,CEEEEEECCEEEEEEC,75.0
21,VELDGDVNGHKFSVQG,CEEEEEECCEEEEEEC,75.0,CEEECCCCCCCCEEEC,37.5
22,WHLSVKRDGAVVDINI,CEEEEEECCEEEEEEC,75.0,CEEEEEECCEEEEEEC,75.0
23,ICYCIRSGDWIHCTLS,CEEEEEECCEEEEEEC,75.0,CCCCCCCCCHHHCCCC,0.0
24,TWYFFFYGSEQLLTLQ,CHHHHHHHHHHHHHHC,0.0,CCCCCCCCCCCCCCCC,0.0
25,DQIPIHFCGQKAIGTV,CEEEEEECCEEEEEEC,75.0,CCCCCCCCCCCCCCCC,0.0
26,YGIHTIDGQGIKEIGR,CCEEEEECCEEEEEEC,68.75,CCCCCCCCCCCCCCCC,0.0
27,NKRQICYSGGTIHGYW,CCCCCCCCCCCCCCCC,0.0,CCCCCCCCCCCCCCCC,0.0
28,KWSMRHSGDKLWIILE,CEEEEEECCEEEEEEC,75.0,CEEEEEECCEEEEEEC,75.0
29,VAHSILLGSNYYNLYF,CHHHHHHHHHHHHHHC,0.0,CCCCCCCCCCCHHHHC,0.0
30,SGYHVTSPNCKLLIKQ,CCCCCCCCCCCCCCCC,0.0,CCCCCCCCCCCCCCCC,0.0
31,PLVYMHNDGLQFHLVG,CCEEEEECCCEEEEEC,62.5,CEEEECCCCCEEEEEC,56.25
32,SVSTAKVGDDYTIFVR,CCCCCCCCCCCCCCCC,0.0,CCCCCCCCCCCCCCCC,0.0
33,FFVCFFYNGLHMLMWN,CHHHHHHHHHHHHHCC,0.0,CHHHHHHHHHHHHHHC,0.0
34,DHIPIEFCGHKAIGTV,CEEEEEECCEEEEEEC,75.0,CCCCCCCCCCCCCCCC,0.0
35,MFHMHYYDGKNFMFTL,CCCCCCCECCECCCCC,12.5,CCEEEECCCCCEEEEC,50.0
36,EKFGFKTKKGRHWIFD,CCEEEECCCCCEEEEC,50.0,CCCCCCCCCCCCCCCC,0.0
37,VLHYAWGGKSINIHKV,CEEEEECCEEEEECCC,62.5,CCCCCCCCCCCCCCCC,0.0
38,WTLELKRGGQLYSIKA,CEEEEEECCEEEEEEC,75.0,CEEEEEECCEEEEEEC,75.0
39,QLQIHQDGDRMLFICH,CEEEEEECCEEEEEEC,75.0,CEEEEEECCEEEEEEC,75.0
40,HQIYIEFCGHKAFGTV,CEEEEEECCEEEEEEC,75.0,CEEEEEECCEEEEEEC,75.0
41,IFSVMFSHGRLFYQTC,CEEEEEECCEEEEEEC,75.0,CCCCCCCCCCCCCCCC,0.0
42,YAQNDLCLDGDCYIYE,CCCCCEEEECCEEEEC,50.0,CCCCCCEECCEECCCC,25.0
43,KRMESAVHGHPFMIEG,CEEEEEECCEEEEEEC,75.0,CCCCCCCCCCCCCCCC,0.0
44,FMQLGCVNGHKFILKN,CEEEEEECCEEEEEEC,75.0,CCEEEEECCEEEEECC,62.5
45,AFVDYRFSGQNLRLVH,CEEEEEECCEEEEEEC,75.0,CCCCHHHCCCCCCCCC,0.0
46,QHMDGSQNGHKFEILG,CEEEEEECCEEEEEEC,75.0,CCCCCCCCCCCCCCCC,0.0
47,HMHNDIDMDGNCFFYD,CCEEEECCCCCEEEEC,50.0,CCEEEECCCCCEEEEC,50.0
48,KILDTHYAGHPIQLAS,CCCCCCCCCCCCCCCC,0.0,CCCCHHHCCCCCCCCC,0.0
49,VMTIQTVSGLWHISGR,CHHHHHHHHHHHHHHC,0.0,CCCCCCCCCCCCCCCC,0.0
50,GFFQTSYSNKVIISVS,CEEEEEECCEEEEEEC,75.0,CCCCCCCCCCCCCCCC,0.0
51,QRILSIDEGGRYRLSL,CCEEEECCCCCEEEEC,50.0,CCEEEECCCCCEEEEC,50.0
52,MQFHFDYDGFWFLYYH,CCCCCCHHHHHHHHHC,0.0,CCCECCCCCCECCCCC,12.5
53,IQVCYPHDSSRRCVWR,CEEEEEECCEEEEEEC,75.0,CEEECCCCCCCCEEEC,37.5
54,YTFQVMFHGRCFEHLQ,CEEEEEECCEEEEEEC,75.0,CCCCCCCCCCCCCCCC,0.0
55,SAEIVRLGKTVLITCY,CEEEEEECCEEEEEEC,75.0,CCCCCCCCCCCCCCCC,0.0
56,SVMYFSFDGLRFDWYV,CEEEEEECCEEEEEEC,75.0,CEEEECCCCCCEEEEC,50.0
57,HQIILELCGHKFLPTV,CCCCEEECCEEECCCC,37.5,CCCCCCCCCCCCCCCC,0.0
58,LAMEGTVSGHKFIISG,CEEEEEECCEEEEEEC,75.0,CEEEEEECCEEEEEEC,75.0
59,TLTIMFQDTRYHYTAQ,CCCCCCCCCCCCCCCC,0.0,CCCCCCCCCCCCCCCC,0.0
60,DMMCVNISGGRYKTYW,CCEEEEEECCEEEEEC,68.75,CCEEEEECCCEEEEEC,62.5
61,IWQQQAVDSRKYRILE,CCCCCCCCCCCCCCCC,0.0,CCCHHHCCCCCCCCCC,0.0
62,CIEIDQSMRGNYFYRH,CCEEEECCCCCEEEEC,50.0,CCCCCHHHCCCCCCCC,0.0
63,DDLPIEIGGRRVLGSV,CCEEEEECCEEEEECC,62.5,CCCCEEECCEEECCCC,37.5
64,GFFFMMYDGVPLFMNC,CEEEEEECCEEEEEEC,75.0,CEEEEEECCEEEEEEC,75.0
65,YTMYVTKDGLPMEYYW,CEEEEEECCEEEEEEC,75.0,CCCCECCCCCECCCCC,12.5
66,HLLCLHINGQKAIDHV,CHHHHHHHHHHHHHCC,0.0,CCCCCCCCCCCCCCCC,0.0
67,HVTHGSRNGNKTWFYF,CCCCCCCCCCCCCCCC,0.0,CCCCCCCCCCCCCCCC,0.0
68,VHMDGHVNGHKFQVTG,CEEEEEECCEEEEEEC,75.0,CEEEEEECCEEEEEEC,75.0
69,HHMEGHVNGHKFEIEG,CEEEEEECCEEEEEEC,75.0,CEEEEEECCEEEEEEC,75.0
70,VLAHLQQQGKIVLKFS,CHHHCCCCCCCCCCCC,0.0,CCCCCCCCCCCCCCCC,0.0
71,RLMVLFDGSQYFTTVQ,CEEEEECCEEEEECCC,62.5,CCCCCCCCCCCCCCCC,0.0
72,TYLMVTKHGFQLRGMH,CHHHHHHHHHHHHHCC,0.0,CCEEECCCCCEEECCC,37.5
73,VMYILRSEGEQALFRQ,CCCCCCCHHHHHHCCC,0.0,CCCCCCCHHHHHHHHC,0.0
74,QMVRFKVDGTQLKLQQ,CEEEEEECCEEEEEEC,75.0,CCCCCCCCCCCCCCCC,0.0
75,NAILLLFCGHKTYPCL,CHHHHHHHHCCCCCCC,0.0,CCCCCCCCCCCCCCCC,0.0
76,GWWIFFLDDKFFWDKM,CHHHHHHHHHHHHHHC,0.0,CCCHHHCCCHHHHHCC,0.0
77,KMHLTRHPQGIYRIII,CCEEEECCCCCEEEEC,50.0,CCEEEECCCCCEEEEC,50.0
78,YTKKFYAGDQFYWRSW,CCCCCCCCCCCCCCCC,0.0,CCCCCCCCCCCCCCCC,0.0
79,KRVETEVNGTPVEIKG,CEEEEEECCEEEEEEC,75.0,CCCEEEECCEEEECCC,50.0
80,MWYVWPFDGKLMYTNS,CEEEEEECCEEEEEEC,75.0,CCEEEEECCEEEECCC,56.25
81,KTKQVKYGGQLITLRL,CEEEEEECCEEEEEEC,75.0,CEEEEEECCEEEEEEC,75.0
82,DMFIYFWHNGWYFYWM,CHHHHHHHHHHHHHHC,0.0,CCCCCCCCCCHHHCCC,0.0
83,VHLDTQVDGHQFSVGG,CEEEEEECCEEEEEEC,75.0,CCCCCCCCCCCCCCCC,0.0
84,CVIPVRYDGYVLSLFT,CEEEEEECCEEEEEEC,75.0,CCCCCCCCCCCCCCCC,0.0
85,GVRKIKWDGRRIHIIY,CCCEEEEECCEEEEEC,62.5,CCCEEEECCCCEEEEC,50.0
86,KAHDDLDLKGDCWIYE,CCCCCCCCCCCCCCCC,0.0,CCCCCCCCCCCCCCCC,0.0
87,TKRVVVQGEKRTLAAR,CEEEEECCEEEEECCC,62.5,CCCCCCCCCCCCCCCC,0.0
88,MVAKIHYQGHQVTVTQ,CEEEEEECCEEEEEEC,75.0,CEEEEEECCEEEEEEC,75.0
89,KQAQQKCPNGLIQIYQ,CEEEEEECCEEEEEEC,75.0,CCCCCCCHHHCCCCCC,0.0
90,VRMKGTVNGTEFEIEG,CEEEEEECCEEEEEEC,75.0,CEEEEEECCEEEEEEC,75.0
91,DQIFIHFCGHKAINSV,CEEEEEECCEEEEEEC,75.0,CCCCCCCCCCCCCCCC,0.0
92,HLLHIKISGKKAFDCV,CEEEEEECCEEEEEEC,75.0,CCCCCCCCCCCCCCCC,0.0
93,IKYTIKYGGKIMFMKT,CEEEEEECCEEEEEEC,75.0,CEEEECCCCCEEEECC,50.0
94,LFFCTHWNGHKFKCQT,CEEEECCCCCEEEECC,50.0,CCEEEEECCEEEEEEC,68.75
95,SQMLLYYGDHYRLTVW,CEEEEEECCEEEEEEC,75.0,CCCCCCCCCCCCCCCC,0.0
96,LLMEGDVHGHDFVFEG,CEEEEEECCEEEEEEC,75.0,CCCCCCCCCCCCCCCC,0.0
97,DNIVLRDGDRFFLFKD,CEEEEEECCEEEEEEC,75.0,CCCCCCCCCCCCCCCC,0.0
98,EYFWTQTKGKHWALKI,CEEEEEECCEEEEEEC,75.0,CEEEEEECCEEEEEEC,75.0
99,LRMEGAVNGHPFAIEG,CEEEEEECCEEEEEEC,75.0,CCCCCCCCCCCCCCCC,0.0
100,DQIIIKICGHKAIGTV,CEEEEEECCEEEEEEC,75.0,CCCCCCCCCCCCCCCC,0.0
101,DHIIIEFAGHKAFGCV,CEEEEEECCEEEEEEC,75.0,CCCCCCCCCCCCCCCC,0.0
102,LRFEGAVNGTKFEIEG,CEEEEEECCEEEEEEC,75.0,CCCCCCCCCCCCCCCC,0.0
103,GSALFKLGDTHAIVTV,CEEEEEECCEEEEEEC,75.0,CCCCCCCCCCCCCCCC,0.0
104,DHIPIHICGHKAIGTI,CEEEEEECCEEEEEEC,75.0,CCCCCCCCCCCCCCCC,0.0
105,TTLTYDDDGNLYPVQC,CCEEECCCCCEEECCC,37.5,CCEEECCCCCEEECCC,37.5
106,HFFCTFYDGHWFMDHT,CEEEEEECCEEEEEEC,75.0,CEEEEEECCEEEEEEC,75.0
107,SMYFDWYGDWLHMYYE,CHHHHHHHHHHHHHHC,0.0,CCCCCHHHHHHHHHHC,0.0
108,EIFARKYEGDHVAFWR,CCCCCCCCCCCCCCCC,0.0,CCCCCCCCCCCCCCCC,0.0
109,LRMEGHVDGHKIVIDG,CEEEEEECCEEEEEEC,75.0,CEEEEEECCEEEEEEC,75.0
110,LMMHGHVAGHHFVLDG,CEEEEEECCEEEEEEC,75.0,CCCCCCCCCCCCCCCC,0.0
111,GMYLTYWKGWMMFHRH,CHHHHHHHHHHHHHHC,0.0,CHHHHHHHHHHHHCCC,0.0
112,VHFFQRLDGEWHYHGW,CEEEEEECCEEEEEEC,75.0,CCCEEEECCEEEECCC,50.0
113,PLKIMRVGRQEIYVLT,CEEEEEECCEEEEEEC,75.0,CEEEEEECCEEEEEEC,75.0
114,IRLHVKTMGGQYHLTI,CEEEEEECCEEEEEEC,75.0,CEEEEEECCEEEEEEC,75.0
115,LYMFWKYDGQDWFMYR,CEEEEEECCEEEEEEC,75.0,CEEEEEECCEEEEEEC,75.0
116,SIFVFDRENFMFFHVD,CEEEECCCCEEEECCC,50.0,CEEEEECCCCEEEEEC,62.5
117,DQIPIEIKGHKAIGTI,CEEEEEECCEEEEEEC,75.0,CCCCCCCCCCCCCCCC,0.0
118,WMFRVWNGDKVTLFWS,CEEEEEECCEEEEEEC,75.0,CEEEEEECCEEEEEEC,75.0
119,YVLLQTHKGLFQRRGR,CCCCCCCHHHHCCCCC,0.0,CCCCCCCCCCCCCCCC,0.0
120,FDFACAHDGQFFQTTY,CEEEEEECCEEEEEEC,75.0,CEEEEEECCEEEEECC,68.75
121,YSVKIRRGQGYVDGKR,CCCCCCCCCCCCCCCC,0.0,CCCCCCCCCCCCCCCC,0.0
122,DQIFIEIKGHKAISTV,CEEEEEECCEEEEEEC,75.0,CCCCCCCCCCCCCCCC,0.0
123,LFYLSDQNGFRFKPLG,CEEEEECCEEEEECCC,62.5,CCECCCCCCCECCCCC,12.5
124,DQIIIEIAGHKAIGCV,CEEEEEECCEEEEEEC,75.0,CEEEEEECCEEEEEEC,75.0
125,SVHFKFNDGHWYHLYH,CEEEECCCCCEEEECC,50.0,CEEEECCCCCEEEECC,50.0
126,YLLKLKTGESYVNIYQ,CEEEEEECCEEEEEEC,75.0,CCCCCCCCCCCCCCCC,0.0
127,VKLDGHVNGDKFFVEG,CEEEEEECCEEEEEEC,75.0,CCCCCCCCCCCCCCCC,0.0
128,VHMEGSVNGWEFMIEG,CEEEEEECCEEEEEEC,75.0,CEEEEEECCEEEEEEC,75.0
129,AMFLWYQDGNWHKERD,CEEEEEECCEEEEEEC,75.0,CCCCCCCCCCCCCCCC,0.0
130,IGMLYVRGESVVLVER,CEEEEEECCEEEEEEC,75.0,CEEEEECCEEEEECCC,62.5
131,VLMKGVTNSHKIQIQG,CCCCCCCCCCCCCCCC,0.0,CCCCCCCCCCCCCCCC,0.0
132,IYMDGRRKGGLTNIFW,CCCCCCCCCCCCCCCC,0.0,CCCCCCCCCCCCCCCC,0.0
133,MFAMHYSDGEVWFMWM,CEEEEEECCEEEEEEC,75.0,CEEEEEECCEEEEEEC,75.0
134,TTFLLMWHSYRFFTFF,CHHHHHHHHHHHHCCC,0.0,CHHHHHHHHHHHHHCC,0.0
135,AYMLIQDDGKTYATHF,CEEEEEECCEEEEEEC,75.0,CEEEEEECCEEEEEEC,75.0
136,TWCHAYMSHWFWMTTL,CHHHHHHHHHHHHHHC,0.0,CHHHHHHHHHHHHHHC,0.0
137,DVIIWHHDGYWEISTV,CEEEEEECCEEEEEEC,75.0,CEEEECCCCCEEEECC,50.0
138,SLLVMLEGDRHDVQSS,CCCCCCCCCCCCCCCC,0.0,CCCCCCCCCCCCCCCC,0.0
139,LMMEGMVSGDKFVIKG,CEEEEEECCEEEEEEC,75.0,CCCCCCCCCCCCCCCC,0.0
140,YYVCKEVNGLCVDKWL,CEEEEEECCEEEEEEC,75.0,CEEEEEECCEEEEEEC,75.0
141,CTNYAMDGDRMLLRWT,CEEEEEECCEEEEEEC,75.0,CCCCCCCCCCCCCCCC,0.0
142,LHMEGDVNGHRFTIDG,CEEEEEECCEEEEEEC,75.0,CEEEEEECCEEEEEEC,75.0
143,VFMHFRWDNSIVFRFD,CEEEECCCCCEEEECC,50.0,CCCCCCCCCCCCCCCC,0.0
144,KIGVATQPGQDYLQQS,CCCCCCCCCCCCCCCC,0.0,CCCCCCCCCCCCCCCC,0.0
145,AQLILRDGGQHYILTR,CCEEEEECCEEEEECC,62.5,CCCEEEECCEEEECCC,50.0
146,IWVTIRQGGLVLITTS,CEEEEEECCEEEEEEC,75.0,CEEEEECCEEEEECCC,62.5
147,VKMDGAVNGDKFSVKG,CEEEEEECCEEEEEEC,75.0,CCCCCCCCCCCCCCCC,0.0
148,VELDGDVNGHKFSVSG,CEEEEEECCEEEEEEC,75.0,CEEECCCCCCCCEEEC,37.5
149,FHMEGHFNGYHFLFES,CEEEEEECCEEEEEEC,75.0,CEEEEEECCEEEEEEC,75.0
150,TWMHGFQDGKKYKVHA,CEEEEEECCEEEEEEC,75.0,CEEEEEECCEEEEEEC,75.0
151,TFVFWFKDGFDMHHWT,CHHHHHHHHHHHHCCC,0.0,CCCCCCCCCCCHHHCC,0.0
152,LEFRGNTQGHDYQMHG,CEEEEEECCEEEEEEC,75.0,CCCCCCCCCCCCCCCC,0.0
153,FYILETKGGKWYRRTR,CEEEEEECCEEEEEEC,75.0,CCEEEEECCEEEEECC,62.5
154,VELDGKVNGDKVSVCG,CEEEEEECCEEEEEEC,75.0,CCCCCCCCCCCCCCCC,0.0
155,HFAKSEVDGKKYWMMV,CEEEEEECCEEEEEEC,75.0,CEEEEEECCEEEEEEC,75.0
156,DQIPIHFCGHKAIGTV,CEEEEEECCEEEEEEC,75.0,CCCCCCCCCCCCCCCC,0.0
157,DQIFIKFCGHRHLSSF,CEEEEEECCEEEEEEC,75.0,CCCCCCCCCCCCCCCC,0.0
158,DQIIIKIAGHKVIGTV,CEEEEEECCEEEEEEC,75.0,CEEEEEECCEEEEEEC,75.0
159,FVIDVEYKGQRVNLYV,CEEEEEECCEEEEEEC,75.0,CEEEEEECCEEEEEEC,75.0
160,RQLVTLIGGQRIIDSL,CEEEEEECCEEEEEEC,75.0,CCEEEEECCEEEEECC,62.5
161,HKMTVIKGTHRFVLGS,CEEEEECCEEEEECCC,62.5,CCCCCCCCCCCCCCCC,0.0
162,DHIPVMFCGHKAIGCF,CEEEEEECCEEEEEEC,75.0,CCCCCEEECCEEECCC,37.5
163,FRIMEKREGLWTIKLR,CEEEEECCCEEEEECC,62.5,CEEEEEECCEEEEEEC,75.0
164,STYTLHYSDWFFMFYD,CCCCCCCCHHHHHHCC,0.0,CCCCCCCCCCHHHCCC,0.0
165,HHIPIHFKGHWMISYF,CEEEEEECCEEEEEEC,75.0,CCCCCCCCCCCCCCCC,0.0
166,YILPSEIDGRQFNIRV,CEEEEEECCEEEEEEC,75.0,CCCHHHCCCCCCCCCC,0.0
167,LYIRTHVNGHRFLSKV,CEEEEEECCEEEEEEC,75.0,CEEEEEECCEEEEEEC,75.0
168,NIHIEFRGDRIQWDTM,CEEEEEECCEEEEEEC,75.0,CCCCCCCCCCCCCCCC,0.0
169,SLTLDTVSDFYILITD,CCCHHHHHHHHHHHHC,0.0,CCCCCCCCCCCCCCCC,0.0
170,RFHDVFKNGKMWLLMM,CHHHHHHHHHHHHCCC,0.0,CHHHCCCCCHHHHHHC,0.0
171,LILASYVENKIYVLRV,CHHHHHHHHHHHHHCC,0.0,CCCCCCCCCCCCCCCC,0.0
172,VQMEGHVNGHKFVIEG,CEEEEEECCEEEEEEC,75.0,CEEEEEECCEEEEEEC,75.0
173,HLMLHNYKGFMFILSS,CHHHHHHHHHHHHHHC,0.0,CCCCCCHHHHHHHHHC,0.0
174,LFRQFKKHGLRRFTWF,CCCCCCCCCCCCCCCC,0.0,CCCCCCCCCCCCCCCC,0.0
175,FFFDSCYNGDFFFTKG,CCCCCCCCCCCCCCCC,0.0,CCCCCCCCCCCCCCCC,0.0
176,ILIMSYYNGHAYLLHR,CHHHHHHHHHHHHHCC,0.0,CEEECCCCCCEEECCC,37.5
177,AKVLLDNDGRWLRTTN,CEEEECCCCCEEEEEC,56.25,CCCEECCCCCEECCCC,25.0
178,VIVVGHTNNRVQIKKT,CCCCCCCCCCCCCCCC,0.0,CEEEEEECCEEEEECC,68.75
179,YHVVYKYNGLDKMHFD,CCCCCCCCCCCCCCCC,0.0,CCCCCCCCCCCCCCCC,0.0
180,LSHVVDFHGRYFILGF,CCEEEEECCEEEEECC,62.5,CCEEECCCCCEEECCC,37.5
181,FMYIEFKDGELLFQID,CCEEEEECCEEEEEEC,68.75,CCEEEEECCEEEEECC,62.5
182,VYMSGQVNGHYFKTES,CEEEEEECCEEEEEEC,75.0,CCCEEEECCEEEECCC,50.0
183,YRLDGTVNGHQFVISS,CEEEEEECCEEEEEEC,75.0,CEEEEEECCEEEEEEC,75.0
184,FFFNFFYGDLITFSFK,CHHHHHHHHHHHHHCC,0.0,CCCCCCCCCCCCCCCC,0.0
185,DHIPIEICGQKVIGTV,CEEEEEECCEEEEEEC,75.0,CEEEEEECCEEEEEEC,75.0
186,YMRYVQYNGELMMKVH,CEEEEEECCEEEEEEC,75.0,CEEEEEECCEEEEEEC,75.0
187,VVICVSLHGTVSNIQL,CEEEEECCEEEEECCC,62.5,CEEEECCCCCEEEECC,50.0
188,SQDYIKIHGDRIHLWF,CCCEEEEECCEEEEEC,62.5,CCCCCCCCCCCCCCCC,0.0
189,YSFQLQEDGGTQDVQL,CEEEEEECCEEEEEEC,75.0,CCCCCCCCCCCCCCCC,0.0
190,DQIIIEFCGHKAIGSV,CEEEEEECCEEEEEEC,75.0,CEEEEEECCEEEEEEC,75.0
191,FYLLTRYNGLDLEMYR,CHHHHHHHHHHHHHCC,0.0,CCCCCCCCCCCCCCCC,0.0
192,VIQYEKCDGRVTRLYT,CEEEEEECCEEEEEEC,75.0,CCCCCCCCCCCCCCCC,0.0
193,FVQLGWVDGHQYVLYK,CEEEEEECCEEEEEEC,75.0,CEEEEEECCEEEEEEC,75.0
194,DFIPIHICGRKAIGTI,CEEEEEECCEEEEEEC,75.0,CCCCCCCCCCCCCCCC,0.0
195,VIYKGWHDNYFYMVWF,CHHHHHHHHHHHHHHC,0.0,CCCCCCCCCCCCCCCC,0.0
196,LQAIQRQRGTHSKIVR,CCCCCCCCCCCCCCCC,0.0,CCCCCCCCCCCCCCCC,0.0
197,HIEKRRWGGKHFLMMK,CCCCCCCCCCCCCCCC,0.0,CCCCCCCCCCCCCCCC,0.0
198,DRIFFMFAGHKMFNCI,CCHHHHHHHHHHHCCC,0.0,CCCCCCCCCCCCCCCC,0.0
199,KWFEGAHNSRPYAIEG,CCCCCCCCCCCCCCCC,0.0,CCCCCCCCCCCCCCCC,0.0
200,QMVKCTVDGVEFEIAS,CEEEEEECCEEEEEEC,75.0,CEEEEEECCEEEEEEC,75.0
201,IRVFIFLDGEFRFKGY,CHHHHHHHHHHHHHCC,0.0,CCEEEEECCEEEEECC,62.5
202,VMMQGTTGGRAFVVEG,CEEEEEECCEEEEEEC,75.0,CCCCCCCCCCCCCCCC,0.0
203,FWAFMFKDGHVHLMWD,CEEEEEECCEEEEEEC,75.0,CEEEECCCCCEEEECC,50.0
204,QFFFFKYHGKKFYVRR,CEEEEEECCEEEEEEC,75.0,CEEEEEECCEEEEEEC,75.0
205,HYLWLQFHGFMHFQFY,CHHHHHHHHHHHHHHC,0.0,CCCCCCCCCCCCCCCC,0.0
206,WIVQLKYGGLCKLTWK,CCCCCCCCCCCCCCCC,0.0,CCCCCCCCCCCCCCCC,0.0
207,DLLFIRFAGHRAFGTV,CHHHHHHHHHHHCCCC,0.0,CCCCCCCCCCCCCCCC,0.0
208,VWAFIQRDGHLTYHCE,CEEEEEECCEEEEEEC,75.0,CEEEECCCCCEEEECC,50.0
209,FLIDVSLNGFVTNSSI,CHHHHHHHHHHHHHHC,0.0,CCCCCCCCCCCCCCCC,0.0
210,FKFAIVRGDKLQLFEN,CEEEEEECCEEEEEEC,75.0,CEEEEEECCEEEEEEC,75.0
211,QQILIELCGKKAIGCV,CEEEEEECCEEEEEEC,75.0,CCCCCCCCCCCCCCCC,0.0
212,VHLFKRADGMWHLIAM,CCCEEEECCEEEECCC,50.0,CEEEECCCCCEEEECC,50.0
213,LVVKIRQGQKQIGLLV,CEEEEEECCEEEEEEC,75.0,CCCCCCCCCCCCCCCC,0.0
214,DQIPIEICGHKAIGTV,CEEEEEECCEEEEEEC,75.0,CEEEEEECCEEEEEEC,75.0
215,KKAIRHEGHKIFIVLK,CEEEEEECCEEEEEEC,75.0,CCCCCCCCCCCCCCCC,0.0
216,AYAKAKREGQPVGIGT,CCCCCCCCCCCCCCCC,0.0,CHHHHHHCCCCCCCCC,0.0
217,EWVFMDEDGLWFLLIA,CEEEECCCCCEEEECC,50.0,CCCCCCCCCCCCCCCC,0.0
218,AWFVMWGDGMFHYVMM,CHHHHHHHHHHHHHHC,0.0,CEEEEECCCEEEEECC,62.5
219,AFINLWKDGKIMYDWH,CCEEEEECCEEEEECC,62.5,CCCEEEECCEEEECCC,50.0
220,VWMWKYHDGYFTFNHI,CEEEEEECCEEEEEEC,75.0,CEEEEEECCEEEEEEC,75.0
221,AFVFMWRNGWLHIFFT,CHHHHHHHHHHHHHHC,0.0,CEEEEEECCEEEEEEC,75.0
222,HDINIMLDGNLFLGFF,CHHHHHHHHHHHHCCC,0.0,CCCCCCCCCCCCCCCC,0.0
223,SQMQGAFDGFEFEFQG,CEEEEEECCEEEEEEC,75.0,CCCHHHHCCCCCCCCC,0.0
224,AIAVMEHHGWKFIMTH,CEEEEEECCEEEEEEC,75.0,CEEEEEECCEEEEEEC,75.0
225,VLDNDQNMNGDCYIYD,CCCCCCCCCCCCCCCC,0.0,CCCCCCCCCCCCCCCC,0.0
226,DLMMFMYMGHKVIMYH,CHHHHHHHHHHHHHCC,0.0,CCHHHHCCCCCCCCCC,0.0
227,KFDLVKSGRGIFVLHT,CEEEEEECCEEEEEEC,75.0,CCCCCCCCCCCCCCCC,0.0
228,YIMMDYTDGRVGFRRN,CEEEEEECCEEEEEEC,75.0,CCCCCCCCCCCCCCCC,0.0
229,VHMEGTVNGHKFEVQG,CEEEEEECCEEEEEEC,75.0,CEEEEEECCEEEEEEC,75.0
230,DQLIIERKGHKVLTSI,CEEEEEECCEEEEEEC,75.0,CEEEEEECCEEEEEEC,75.0
231,RSLIIQRGDTLVLYGR,CEEEEEECCEEEEEEC,75.0,CCCCCCCCCCCCCCCC,0.0
232,HHIFFMWCGWWMFNYI,CHHHHHHHHHHHHHHC,0.0,CHHHHHHHHHHHHHHC,0.0
233,SILTYHKSGFQQLVIH,CEEEEEECCEEEEEEC,75.0,CEEEECCCCCEEEECC,50.0
234,MLGIARQGSDFTFMHH,CHHHHHHHHHHHHHCC,0.0,CCCCCCCCCCCCCCCC,0.0
235,IFLDLCKDGLVTNKVI,CEEEEEECCEEEEEEC,75.0,CCCCCCCCCCCCCCCC,0.0
236,FYRYGFVGGRLFCHNK,CEEEEEECCEEEEEEC,75.0,CEEEEEECCEEEEEEC,75.0
237,DQITVKVQGKKFIGSV,CEEEEEECCEEEEEEC,75.0,CEEEEEECCEEEEEEC,75.0
238,ITIKVDEEGSFYKHQY,CEEEECCCCCEEEECC,50.0,CEEEECCCCCEEEECC,50.0
239,HMEVATDGDKMFIFYE,CEEEEECCCCEEEEEC,62.5,CEEEEEECCEEEEEEC,75.0
240,TIFELWHSGHRTGVHL,CHHHHHHHHHHHCCCC,0.0,CCCCCCCCCCCCCCCC,0.0
241,RTRDIMVKGQIYPLDV,CEEEEEECCEEEEEEC,75.0,CCCCCCCCCCCCCCCC,0.0
242,YRIQSFVGGRCTLLGM,CCEEEEECCEEEEECC,62.5,CCCCCCCCCCCCCCCC,0.0
243,KVRKARHGKGRWITFD,CCEEEEECCCEEEEEC,62.5,CCCCCCCCCCCCCCCC,0.0
244,QRTHIFYDGHKIPIVM,CEEEEEECCEEEEEEC,75.0,CCCCCCCCCCCCCCCC,0.0
245,LTRTLMQHGDKFHVRR,CCCEEEEECCEEEEEC,62.5,CCCCCCCCCCCCCCCC,0.0
246,AFEHFHVSGHKLITTA,CEEEEEECCEEEEEEC,75.0,CCCCCCCCCCCCCCCC,0.0
247,CFFCMMYNDYYFYNKT,CHHHHHHHHHHHHCCC,0.0,CHHHHHHHHHHHHCCC,0.0
248,DQIFIMFCGDKMFGTF,CCCEEEEECCEEEEEC,62.5,CCCCCCCCCCCCCCCC,0.0
249,DQILIKFCGHRAIGCV,CEEEEEECCEEEEEEC,75.0,CCCCCCCCCCCCCCCC,0.0
250,QLIPIEINGQRARSTV,CEEEEEECCEEEEEEC,75.0,CCCCEEECCEEECCCC,37.5
251,GVMQMGHKSGCVMLYH,CCCCCCCCCCCCCCCC,0.0,CCCCCCCCCCCCCCCC,0.0
252,YSTLVQREGEVRQKTV,CEEEEEECCEEEEEEC,75.0,CCCCCCCCCCCCCCCC,0.0
253,KTLLIDVDGRLVPAKT,CCCEEEECCEEEECCC,50.0,CCCEEEECCEEEECCC,50.0
254,VLWDSTRDGFHYDQTT,CCCCHHHCCCCCCCCC,0.0,CCCCHHHCCCCCCCCC,0.0
255,MWSFMWFDGKWMYMYQ,CEEEEEECCEEEEEEC,75.0,CEEEEEECCEEEEEEC,75.0
256,SIEVRNRDGTQFISGE,CEEEECCCCCEEEECC,50.0,CEEEECCCCCEEEECC,50.0
257,ILIMGRLHGFFYVLHS,CHHHHHHHHHHHHHHC,0.0,CHHHHHHHHHHHHHCC,0.0
258,MVYHVNLQGYKAFVRQ,CHHHHHHHHHHHHCCC,0.0,CCCCCCCHHHHHHHHC,0.0
259,AFRLINVHGRNYMLVF,CEEEEEECCEEEEEEC,75.0,CEEEEEECCEEEEEEC,75.0
260,YTEIVREGKQIRTVSY,CEEEEEECCEEEEEEC,75.0,CEEEEECCEEEEEECC,68.75
261,SVMIIRKGECIFIQSS,CEEEEECCEEEEECCC,62.5,CEEEEECCEEEEECCC,62.5
262,YMIKIWHGSDYYQLAF,CEEEEEECCEEEEEEC,75.0,CCCCCCCCCCCCCCCC,0.0
263,ILVVERHPKDFFVYFE,CEEEEECCCCEEEEEC,62.5,CCCCCCCCCCCCCCCC,0.0
264,ALYHGDHRNGDYQLYK,CCCCCCCCCCCCCCCC,0.0,CCCCCCCCCCCCCCCC,0.0
265,HLHMFFYRGKHFFFTR,CEEEEEECCEEEEEEC,75.0,CEEEEEECCEEEEEEC,75.0
266,LTISLKTSGKLFKLLC,CCCCCCCCCCCCCCCC,0.0,CCCCCHHHHHHHHHHC,0.0
267,YVVRRQHQSEPVKLQR,CCCCCCCCCCCCCCCC,0.0,CCCCCCCCCCCCCCCC,0.0
268,LLMHITKKGQHYKKVF,CCHHHHHHHHHHHCCC,0.0,CCCCCCCCCCCCCCCC,0.0
269,LLEHFTKHGMLKLVFE,CEEEECCCCCEEEECC,50.0,CCCCCCCCCCCCCCCC,0.0
270,VAQNDTSMDGNCRIYK,CCCCCEEEECCEEEEC,50.0,CCCCCCCCCCCCCCCC,0.0
271,STMFFGDLGGHFRHRF,CEEEEEECCEEEEEEC,75.0,CCCCCCCCCCCCCCCC,0.0
272,YFVEMQKDGDRYFFWD,CEEEEEECCEEEEEEC,75.0,CEEEEEECCEEEEEEC,75.0
273,LRMEGAVNGHRFLIEG,CEEEEEECCEEEEEEC,75.0,CEEEEEECCEEEEEEC,75.0
274,YHRQWHLKGTDFFVFW,CEEEEEECCEEEEEEC,75.0,CCCCCCCCCCCCCCCC,0.0
275,DLIIIDFCGHRAINTV,CEEEEEECCEEEEEEC,75.0,CCCEECCCCCEECCCC,25.0
276,YVAFAYFDGHECFAYN,CCEEEEECCEEEEECC,62.5,CEEEEEECCEEEEEEC,75.0
277,MLRFVDHQGYYRCIHV,CEEEECCCCCEEEECC,50.0,CEEEECCCCCEEEECC,50.0
278,RHMEGTVNGHHFAIKG,CEEEEEECCEEEEEEC,75.0,CEEEEEECCEEEEEEC,75.0
279,IELDGHVNGHKFFVKG,CEEEEEECCEEEEEEC,75.0,CEEEEEECCEEEEEEC,75.0
280,LVIEQSEDDGTTFVCK,CEEEEECCCEEEEECC,62.5,CEEEECCCCCCEEEEC,50.0
281,KQATRAYQGHDIILTN,CCCCCCCCCCCCCCCC,0.0,CCCCCCCCCCCCCCCC,0.0
282,SFLQSVDDSFEYDLLG,CCCCCCCCCCCCCCCC,0.0,CCCCCCCCCCCCCCCC,0.0
283,KYYYVKRGDYLTLMWD,CEEEEEECCEEEEEEC,75.0,CCCCCCCCCCCCCCCC,0.0
284,GKALFRRGRRQALTLL,CCCHHHHCHHHHHHHC,0.0,CHHHHHHHHHHHHHHC,0.0
285,TSLIQCGASGITIKSH,CCCCCCCCCCCCCCCC,0.0,CCEEEECCCCEEEECC,50.0
286,LWMEGTVNNDFFLYQS,CEEEEEECCEEEEEEC,75.0,CCCCCCCCCCCCCCCC,0.0
287,LAVHNITLDGHCYIRE,CCCEEEEECCEEEEEC,62.5,CCEEEECCCCCEEEEC,50.0
288,LRMEGAYNGQCVTIKG,CEEEEEECCEEEEEEC,75.0,CCCCCCCCCCCCCCCC,0.0
289,LTKVDDLKGQLVFVYR,CHHHHHHHHHHHHHCC,0.0,CCCCCCCCCCCCCCCC,0.0
290,YYYKVCRMGRQLHSVT,CCCCCCCCCCCCCCCC,0.0,CCCCCCCCCCCCCCCC,0.0
291,SKKTLFAGDNFVHIFH,CEEEEEECCEEEEEEC,75.0,CCCCCCCCCCCCCCCC,0.0
292,VEMDTDFDGHRISLSG,CEEEEEECCEEEEEEC,75.0,CCCCECCCCCECCCCC,12.5
293,SIIFHEYAGLPILLYT,CEEEEEECCEEEEEEC,75.0,CEEEEEECCEEEEEEC,75.0
294,YIFDVLRNGLVTDRQI,CHHHHHHHHHHHHCCC,0.0,CCHHHHHCCCCCCCCC,0.0
295,SYFRFWRDGDKYWLRF,CEEEEEECCEEEEEEC,75.0,CCCCCCCCCCCCCCCC,0.0
296,RTMRFQVSGQPQLIYH,CCCCCCCCCCCCCCCC,0.0,CCCCCCCCCCCCCCCC,0.0
297,DHIPIMIAGHKVFGCL,CEEEEEECCEEEEEEC,75.0,CCCCCCCCCCCCCCCC,0.0
298,QIHCFMKMGQKLYHYF,CCCCCCCCCCCCCCCC,0.0,CHHHHHHHHHHHHHHC,0.0
299,LIAFLRKGHQVFLHFR,CHHHHHHHHHHHHHHC,0.0,CCCCCCCCCCCCCCCC,0.0
300,SIHLWREGNKLKIELH,CEEEEEECCEEEEEEC,75.0,CCCCCCCCCCCCCCCC,0.0
301,GIKVLTDHGKSLRFTV,CEEEEEECCEEEEEEC,75.0,CEEEEEECCEEEEEEC,75.0
302,DHIPIEICGHKVIGCL,CEEEEEECCEEEEEEC,75.0,CCCCCCCCCCCCCCCC,0.0
303,DQIPVEICGHKVFGTV,CEEEEEECCEEEEEEC,75.0,CCEEEEECCEEEEECC,62.5
304,FHMVLRYTGQLMYMTS,CHHHHHHHHHHHHHHC,0.0,CCCCCCCCCCCCCCCC,0.0
305,VRVDIRLDGKTVDDTL,CECCEEECCEEECCEC,50.0,CCCCCEECCEECCCCC,25.0
306,TVKFWFYDSYHFFHFT,CHHHHHHHHHHHHHHC,0.0,CCCCCCCCCCCCCCCC,0.0
307,QHMEGTVNGHPFEIEG,CEEEEEECCEEEEEEC,75.0,CEEEEEECCEEEEEEC,75.0
308,SVMWFKHDGDDFMFYF,CEEEEEECCEEEEEEC,75.0,CCCCCCCCCCCCCCCC,0.0
309,SFHFHFYDGLLHFDLH,CEEEEEECCEEEEEEC,75.0,CEEEEEECCEEEEEEC,75.0
310,HKLFIEIAGHRFLSSI,CHHHHHHHHHHHHCCC,0.0,CCCCCCCCCCCCCCCC,0.0
311,AIIRFTESGMQVEYVI,CEEEEEECCEEEEEEC,75.0,CEEEEECCEEEEECCC,62.5
312,QHVLTSRNGQRMLSAS,CCEEECCCCCEEECCC,37.5,CEEEECCCCCEEEECC,50.0
313,GLHVVVKGQTLHVKTT,CEEEEECCEEEEECCC,62.5,CCEEEECCEEEECCCC,50.0
314,QQTQVAFRGLQIKIQT,CEEEEEECCEEEEEEC,75.0,CEEEEEECCEEEEEEC,75.0
315,QQLVKLDNGKWEIDRH,CEEEECCCCCEEEECC,50.0,CEEEECCCCCEEEECC,50.0
316,DHIWIMFCGHKAINCF,CCCEEEEECCEEEEEC,62.5,CCCCCCCCCCCCCCCC,0.0
317,LRMEGAVNSHKFTIEG,CEEEEEECCEEEEEEC,75.0,CCCCCCCCCCCCCCCC,0.0
318,MRMLIGNFSGFFWFNM,CCHHHHHHHHHHHHHC,0.0,CCCCCCCCCCCCCCCC,0.0
319,VELNGDVNGHKFSVSG,CEEEEEECCEEEEEEC,75.0,CEEECCCCCCCCEEEC,37.5
320,AVISYKKEGDFVRMLR,CCEEEEECCEEEEECC,62.5,CCCCCCCCCHHHHHHC,0.0
321,LTLKTTVDGKQYQSST,CEEEEEECCEEEEEEC,75.0,CEEEEEECCEEEEEEC,75.0
322,NVIIIHMEGYLAISTF,CEEEEEECCEEEEEEC,75.0,CCCCCCCCCCCCCCCC,0.0
323,LIWMGFHNNYCVAVKK,CHHHHHHHHHHHHHCC,0.0,CEEEEEECCEEEEEEC,75.0
324,YTTLMWQYGMLFFQIL,CHHHHHHHHHHHCCCC,0.0,CHHHHHHHHHHHHHHC,0.0
325,DQIYIELCGRKAIGCV,CEEEEEECCEEEEEEC,75.0,CCCCCCCCCCCCCCCC,0.0
326,GWLFITLGGKNKLGRY,CCCCCCCCCCCCCCCC,0.0,CCCCCCCCCCCCCCCC,0.0
327,LRLDGAVNGRPISIQG,CEEEEEECCEEEEEEC,75.0,CCCCCCCCCCCCCCCC,0.0
328,KYFDTQRSGILLLGTV,CCCCCCCCCCCCCCCC,0.0,CCCCHHHCCCCCCCCC,0.0
329,SIYVVHDSGKYFLQCR,CEEEECCCCCEEEECC,50.0,CCEEECCCCCEEECCC,37.5
330,QLQPVTFDGFQLDLTM,CCCCEEECCEEECCCC,37.5,CCCCEEECCEEECCCC,37.5
331,IRLDVRLDGGFTNLYL,CCEEEEECCEEEEECC,62.5,CEEEEEECCEEEEEEC,75.0
332,YLIFYERDGKMFKHHV,CEEEEEECCEEEEEEC,75.0,CEEEEEECCEEEEEEC,75.0
333,NMLIIRIAGHKAINCL,CHHHHHHHHHHHHCCC,0.0,CCCCCCCCCCCCCCCC,0.0
334,GQTYWKEDDRKEFICI,CCCCEEECCCCCEEEC,37.5,CCCCCCCCCCCCCCCC,0.0
335,LKRMVKQEGKCVSLWS,CEEEEEECCEEEEEEC,75.0,CCCCCCCCCCCCCCCC,0.0
336,QRLLVQRNGHKFENTT,CEEEEEECCEEEEEEC,75.0,CCCCCCCCCCCCCCCC,0.0
337,GKTIQFVGDKRKYVTR,CEEEEEECCEEEEEEC,75.0,CCCCCCCCCCCCCCCC,0.0
338,VWMMGYMSSRHFLVSL,CHHHHHHHHHHHHHHC,0.0,CHHHHHHHHHCCCCCC,0.0
339,VKQPGRTSGHNFSISG,CCCCCCCCCCCCCCCC,0.0,CCCCCCCCCCCCCCCC,0.0
340,WLEHGAQGSNCIVIKG,CCCCCCCCCCCCCCCC,0.0,CCCCCCCCCCCCCCCC,0.0
341,SVTIEYTNSVIKVVEN,CCCCCCCCCCCCCCCC,0.0,CCCCCCCCCCCCCCCC,0.0
342,TCLQRQYSGHRYCLGK,CCEEEEECCEEEEECC,62.5,CEEECCCCCCEEECCC,37.5
343,LMHIMHFENRLYLVYA,CEEEEEECCEEEEEEC,75.0,CCCCCCCCCCHHHHCC,0.0
344,KHLKGSVNGHKFLIKG,CEEEEEECCEEEEEEC,75.0,CEEEEEECCEEEEEEC,75.0
345,LLLHGRYDGELFFRKS,CEEEEEECCEEEEEEC,75.0,CCCCCCCCCCCCCCCC,0.0
346,DQILIEICGHKAIGTV,CEEEEEECCEEEEEEC,75.0,CEEEEEECCEEEEEEC,75.0
347,DQIPIHICGHKAISSV,CEEEEEECCEEEEEEC,75.0,CCCCCCCCCCCCCCCC,0.0
348,QCKRGARGDREILIEG,CCCCCCCCCCCCCCCC,0.0,CCCCCCCCCCCCCCCC,0.0
349,RCFVICYDGRMLFSKG,CEEEEEECCEEEEEEC,75.0,CCCEECCCCCEECCCC,25.0
350,LAMVKSMNDGITLYLL,CHHHHHHHHHHHHHHC,0.0,CCCCCCCCCCCCCCCC,0.0
351,DHIPVMFCGHKAIGSI,CEEEEEECCEEEEEEC,75.0,CCCCCCCCCCCCCCCC,0.0
352,NFYNITYDGSDFVTLD,CCEEEEECCEEEEECC,62.5,CCCCCCCCCCCCCCCC,0.0
353,AWIMQWWDGHWFWHWH,CEEEEEECCEEEEEEC,75.0,CEEEEEECCEEEEEEC,75.0
354,RNLTYHEDGQQQFVHQ,CEEEECCCCCEEEECC,50.0,CCEEECCCCCEEECCC,37.5
355,LLLWFQQHGKHYRRLY,CHHHHHHHHCCCCCCC,0.0,CHHHHHHHCCCCCCCC,0.0
356,FFTAFAKNGMHRLMFE,CHHHHHHHHHHHHHHC,0.0,CCHHHHHHHHHHHHHC,0.0
357,KVWRTQHDGQHVAFKY,CEEEEEECCEEEEEEC,75.0,CEECCCECCECCCEEC,37.5
358,KHIIIEFKGRKAFSCV,CEEEEEECCEEEEEEC,75.0,CEEEEEECCEEEEEEC,75.0
359,FISVGYVGTDMFIRDD,CCCCCCCCCCCCCCCC,0.0,CCCCCCCCCCCCCCCC,0.0
360,DHIPIMFCGHKAIGTL,CEEEEEECCEEEEEEC,75.0,CCCCCCCCCCCCCCCC,0.0
361,WCLLLKYSGQKFILGK,CCCCCCCCCCCCCCCC,0.0,CCCCCCCCCCCCCCCC,0.0
362,DFIFFEFEGHRMYGTV,CEEEEEECCEEEEEEC,75.0,CEEEEEECCEEEEEEC,75.0
363,WFVMTFWGNMFRFMGW,CHHHHHHHHHHHHCCC,0.0,CHHHHHHHHHHHHHCC,0.0
364,EIMQFNRKGTTMKWYH,CEEEECCCCCEEEEEC,56.25,CCCCCCCCCCCCCCCC,0.0
365,RLNTGTLNNFSWLHHG,CCCHHHHHCCHHHHCC,0.0,CCCHHHCCCCCCCCCC,0.0
366,VELDGMYNSHRFDISG,CCCEEEECCEEEECCC,50.0,CCCCCCCCCCCCCCCC,0.0
367,SVKIKVDDSFWKIQTN,CCCCCCCCHHHHCCCC,0.0,CCCCCCCHHHHCCCCC,0.0
368,YIIFVVVDGEVRHMGW,CEEEEEECCEEEEEEC,75.0,CCEEEEECCEEEEEEC,68.75
369,LRMEGAVNGHEFAIEG,CEEEEEECCEEEEEEC,75.0,CCCCCCCCCCCCCCCC,0.0
370,FAKVAYQKGGTVVVRK,CCCEEEEECCEEEEEC,62.5,CCEEEEEECCEEEEEC,68.75
371,VMMEGSVNGHHFKYQG,CEEEEEECCEEEEEEC,75.0,CEEEEEECCEEEEEEC,75.0
372,TFWFFMWMGKWFFMYM,CHHHHHHHHHHHHHHC,0.0,CHHHHHHHHHHHHHHC,0.0
373,KLLKGSVNGQEQQIEG,CEEEEEECCEEEEEEC,75.0,CEEEEEECCEEEEEEC,75.0
374,NVLIQVAGESLQLAGQ,CHHHHHHHHHHHHHCC,0.0,CHHHHHHHHHHHHHCC,0.0
375,LYMEGAVNSHPYVIEA,CEEEEEECCEEEEEEC,75.0,CCCCCCCCCCCCCCCC,0.0
376,EQILIKICGKRAIGTV,CEEEEEECCEEEEEEC,75.0,CCCCCCCCCCCCCCCC,0.0
377,FTMDVQMHGRFYHLDY,CEEEEEECCEEEEEEC,75.0,CEEEEEECCEEEEEEC,75.0
378,QAMEGQVNGRKFKTKG,CCEEEEECCEEEEECC,62.5,CCCEEEECCEEEECCC,50.0
379,GIMTFDNQGHRVHLCK,CEEEEEECCEEEEEEC,75.0,CCCEECCCCCEECCCC,25.0
380,FICATYFDGKLLLHWD,CEEEEEECCEEEEEEC,75.0,CEEEEEECCEEEEEEC,75.0
381,MMKCFKFRGELAYLYM,CCCCCCCHHHHHHHCC,0.0,CCCCCCCCCCCHHHHC,0.0
382,TKQIQQDGGQQKGYGS,CCCCCCCCCCCCCCCC,0.0,CCCCCCCCCCCCCCCC,0.0
383,HFMSMINGQWFYTMLA,CHHHHHHHHHHHHHHC,0.0,CEEEEECCEEEEECCC,62.5
384,LIILCQECGHPFKWYL,CEEECCCCCCEEECCC,37.5,CCCECCCCCCECCCCC,12.5
385,TLLIQHSAGKYMIKCH,CEEEEECCEEEEECCC,62.5,CCCCECCCCCECCCCC,12.5
386,AIFHIFFEGHDVQMRV,CEEEEEECCEEEEEEC,75.0,CEEEEEECCEEEEEEC,75.0
387,GVMIMISDQQIKIQAT,CCCCCCCCCCCCCCCC,0.0,CCCCCCCCCCCCCCCC,0.0
388,TYVHISQHGALMHVRQ,CEEEECCCCCEEEECC,50.0,CEEEECCCCCEEEECC,50.0
389,YYFMIEMDGRYYDLTF,CEEEEEECCEEEEEEC,75.0,CCCEEEECCEEEECCC,50.0
390,QWLFTMWHGKLYIKFR,CCEEEEECCEEEEECC,62.5,CEEEEEECCEEEEEEC,75.0
391,LKAFFFYDGLKQRAFH,CHHHHHHHHHHHHHCC,0.0,CCCCHHHHHHHHHHHC,0.0
392,HQIHIHIAGHKVIGTV,CEEEEEECCEEEEEEC,75.0,CEEEEEECCEEEEEEC,75.0
393,YPLLTQEDGDRYFISF,CCEEEEECCEEEEECC,62.5,CCEEEECCCCCEEEEC,50.0
394,VQITLSGEGSTTKVGL,CCCCCCCCCCCCCCCC,0.0,CCCCCCECCECCCCCC,12.5
395,RIDFVERHGELYKIRL,CEEEEEECCEEEEEEC,75.0,CCCCCCCCCCCCCCCC,0.0
396,VLSCDRSKKGPRVIQH,CCCCCCCCCCCCCCCC,0.0,CCCCCCCCCCCCCCCC,0.0
397,LLMEGSVSGFKYLIHG,CEEEEEECCEEEEEEC,75.0,CCCCCCCCCCCCCCCC,0.0
398,DQIFIKIKGHKAFSTF,CEEEEEECCEEEEEEC,75.0,CCCCCCCCCCCCCCCC,0.0
399,DAVVIRRSSCRAISGV,CCCCCCCCCCCCCCCC,0.0,CCCCCCCCCCCCCCCC,0.0
400,LFVALHKDGHKYIVFE,CEEEEEECCEEEEEEC,75.0,CEEEECCCCCEEEECC,50.0
401,IKKFKFKGDRFFRNLL,CCCCCCCCHHHHCCCC,0.0,CCCCCCCCCHHHHHHC,0.0
402,TVVYIIRKDKAVWLWT,CHHHHHHHHHHHHHCC,0.0,CCCCCCCCCCCCCCCC,0.0
403,DHIPVMICGHKFINTV,CEEEEEECCEEEEEEC,75.0,CCCCCCCCCCCCCCCC,0.0
404,EIQRVRWGQWMIILMD,CHHHHHHHHHHHHHHC,0.0,CCCCCCHHHHHHHHCC,0.0
405,YALILRDGDTLVPRQA,CCCCCCCCCCCCCCCC,0.0,CCCCCCCCCCCCCCCC,0.0
406,ICMPVSINGQVVHVKQ,CEEEEEECCEEEEEEC,75.0,CEEEEEECCEEEEEEC,75.0
407,QLMMGYYDGHKFLQVS,CCCEEEECCCCEEEEC,50.0,CCCEEEECCCCEEEEC,50.0
408,DQIFIEICGHKAIGSV,CEEEEEECCEEEEEEC,75.0,CCCCCCCCCCCCCCCC,0.0
409,QTFSVKYEDYLLFFWN,CCCHHHHHHHHHHHHC,0.0,CCCCCCHHHHHHHHCC,0.0
410,LRILDYQPGFKVQLAK,CCCCCCCCCCCCCCCC,0.0,CCCCCCCCCCCCCCCC,0.0
411,DQIFIEICGHKAIGCV,CEEEEEECCEEEEEEC,75.0,CCCCCCCCCCCCCCCC,0.0
412,VYAEGTVDGKQFLLGR,CEEEEEECCEEEEEEC,75.0,CEEEEEECCEEEEEEC,75.0
413,LLKEGVLSSQPYEIEG,CCCCCCCCCCCCCCCC,0.0,CCCCCCCCCCCCCCCC,0.0
414,AILLQTDSGKTIEFRV,CEEEECCCCCEEEECC,50.0,CEEEECCCCCEEEECC,50.0
415,LKLEGAVNGHPFAIKG,CEEEEEECCEEEEEEC,75.0,CCCCCCCCCCCCCCCC,0.0
416,DHIPVMFCSHWAIGCF,CCCCCCCCCCCCCCCC,0.0,CCCCCCCCCCCCCCCC,0.0
417,AMWPIKNPNGLFMFWY,CCCCEECCCCCEECCC,25.0,CCCCEECCCCCEECCC,25.0
418,ISHVATQKGVQFELSS,CCEEEEECCEEEEECC,62.5,CCCCCCCCCCCCCCCC,0.0
419,LTHATTVNGYQFLSTG,CEEEEEECCEEEEEEC,75.0,CEEEEEECCEEEEEEC,75.0
420,IHMLAQHPDGPYLFHL,CEEEEEECCEEEEEEC,75.0,CCCCCCCCCCCCCCCC,0.0
421,LFFKTQWDGHYWKNHR,CEEECCCCCCEEECCC,37.5,CCCCCCCCCCCCCCCC,0.0
422,LLMKGQVNGHSYLIEG,CEEEEEECCEEEEEEC,75.0,CEEEEEECCEEEEEEC,75.0
423,SVEIIMHGDTRYITTC,CEEEEEECCEEEEEEC,75.0,CCCCCCCCCCCCCCCC,0.0
424,VSKCDIQLDGDCFVNH,CCCCCCCCCCCCCCCC,0.0,CCCCCCCCCCCCCCCC,0.0
425,FTKMGTFNNRMYLYTL,CCHHHHHHHHHHHHHC,0.0,CCCCCCHHHHCCCCCC,0.0
426,FFMHGNVNGHKFVIHG,CEEEEEECCEEEEEEC,75.0,CEEEEEECCEEEEEEC,75.0
427,SYMWDRKDGKIRFSLL,CEEEEEECCEEEEEEC,75.0,CEEEECCCCEEEECCC,50.0
428,QLITCTLQGAQKMFVF,CEEEEEECCEEEEEEC,75.0,CCCCCCCCCCCCCCCC,0.0
429,VTLDHQNKCGHTPRYL,CCCCCCCCCCCCCCCC,0.0,CCCCCCCCCCCCCCCC,0.0
430,IIIKVDHNSTTVNLYL,CEEEECCCCCCEEEEC,50.0,CCCECCCCCCCCECCC,12.5
431,ALFVKVTGDKYTLQMD,CEEEEEECCEEEEEEC,75.0,CEEEEEECCEEEEEEC,75.0
432,GFFPVVNSGRKIMNKM,CCCCCCCCCCCCCCCC,0.0,CCCCCCCCCCCCCCCC,0.0
433,EIALREFDGDKIFLYH,CCCEEEEECCEEEEEC,62.5,CCCCCCCCCCCCCCCC,0.0
434,VQFFTSDKSGFYHDTL,CCCEEECCCCCEEECC,37.5,CCCCCCCCCCCCCCCC,0.0
435,AFFVWELESQHYIVWM,CHHHHHHHHHHHHHCC,0.0,CCCCCCCCCCCCCCCC,0.0
436,QQFDTEVQGQKAIGSV,CCCCCCCCCCCCCCCC,0.0,CCCCHHHHCCCCCCCC,0.0
437,ATTSVKLDGKYVKFLS,CEEEEEECCEEEEEEC,75.0,CCEEEEECCEEEEECC,62.5
438,DHIIIEIAGHKMFSCV,CEEEEEECCEEEEEEC,75.0,CEEEEEECCEEEEEEC,75.0
439,QCYFFDFDGLYFYLRR,CEEEECCCCCEEEECC,50.0,CCCCCCHHHHHHHHCC,0.0
440,LTFSLQCGGQHVNLLS,CEEEEEECCEEEEEEC,75.0,CEEEEEECCEEEEEEC,75.0
441,EVWWTRWHGEWVAVDI,CEEEEEECCEEEEEEC,75.0,CEEEEEECCEEEEEEC,75.0
442,FDMDAVYKSGVHRVTD,CCHHHHHHCCCCCCCC,0.0,CCHHHHHHCCCCCCCC,0.0
443,AIDVCRCGRDLFIMVD,CEEEEEECCEEEEEEC,75.0,CCCCCCCCCCCCCCCC,0.0
444,LMMEGTVNGFEFLFKG,CEEEEEECCEEEEEEC,75.0,CCCCCCCCCCHHHHCC,0.0
445,TFVIAVTGKTLKYVTN,CCCCCCCCCCCCCCCC,0.0,CCCCCCCCCCCCCCCC,0.0
446,DQIIIEFCGHKFIGSV,CEEEEEECCEEEEEEC,75.0,CEEEEEECCEEEEEEC,75.0
447,IQLMLKDDHGIQYIAI,CEEEEEECCEEEEEEC,75.0,CCEEEECCCCCEEEEC,50.0
448,LFKIFDRENRLYLIWE,CEEEECCCCCEEEECC,50.0,CEEEEEECCEEEEEEC,75.0
449,VKVYIDDAGKRFKLQT,CEEEECCCCCEEEECC,50.0,CCEEECCCCCEEECCC,37.5
450,DHIPIEFCGRKAIGCV,CEEEEEECCEEEEEEC,75.0,CCCCCCCCCCCCCCCC,0.0
451,ILSVQYHGGEITYQRS,CEEEEEECCEEEEEEC,75.0,CEEEEECCEEEEECCC,62.5
452,FTWQGIMGGEYFDYNW,CEEEEEECCEEEEEEC,75.0,CCHHHHCCCCCCCCCC,0.0
453,YLLWFEKDSQWRFLFI,CHHHHHHHHHHHHCCC,0.0,CCCCCCCCCCCCCCCC,0.0
454,VATNDKSMRGDCFIYD,CCCCCCCCCCCCCCCC,0.0,CCCCCCCCCCCCCCCC,0.0
455,IYHHYVHDGDIYVVIL,CEEEEEECCEEEEEEC,75.0,CEEEEEECCEEEEEEC,75.0
456,TMWYMRFKSGNFWTYW,CHHHHHCCCCCCHHHC,0.0,CCCCCHHHCCCCCCCC,0.0
457,IFVMMFDDTMFWFIME,CHHHHHHHHHHHHHHC,0.0,CCCCCCCCHHHHHHHC,0.0
458,AFFCLFQDGRQLFDKT,CCEEEEECCEEEEECC,62.5,CCCCCCCCCCCCCCCC,0.0
459,DLLILTRGGHCLAHQL,CEEEEEECCEEEEEEC,75.0,CCCCCCCCCCCHHHHC,0.0
460,KALFSRKPGGKFLYTW,CCCCCCCCCCCCCCCC,0.0,CCCCCCCCCCCCCCCC,0.0
461,TVKVYLKAGDYIPLKT,CCCCCCCCCCCCCCCC,0.0,CCCCCCCCCCCCCCCC,0.0
462,GWQHIFFDGKDYFRRF,CEEEEEECCEEEEEEC,75.0,CEEEEEECCEEEEEEC,75.0
463,VKAIELQDEYWVIVMD,CEEEEEECCEEEEEEC,75.0,CCCCCCCCCCCCCCCC,0.0
464,WDFLYIRGDRVFHWSS,CCEEEEECCEEEEECC,62.5,CCCCCCCCCCCCCCCC,0.0
465,EITVLHEGDNFFITRF,CEEEEEECCEEEEEEC,75.0,CCCCCCCCCCCCCCCC,0.0
466,RLFTGGQDSTEFLILG,CCCCCCCCCCCCCCCC,0.0,CCCCCCCCCCCCCCCC,0.0
467,SYLLKEKGKYIMLIVD,CEEEEECCEEEEECCC,62.5,CEEEEECCEEEEECCC,62.5
468,KYLDGGVSGKEFSQEG,CCCCCCCCCCCCCCCC,0.0,CCCCCCCCCCCCCCCC,0.0
469,DQIIIEIAGHKAIGTV,CEEEEEECCEEEEEEC,75.0,CEEEEEECCEEEEEEC,75.0
470,YILMGQQNGMRYTFMS,CCCCCCCCCCCCCCCC,0.0,CCCCCCCCCCCCCCCC,0.0
471,QLLFAVKGGSWQTLTT,CCEEEEECCEEEEECC,62.5,CCCCCCCCCCCCCCCC,0.0
472,ATYVIMLDSKDVWIHT,CEEEEEECCEEEEEEC,75.0,CCCCCCCCCCCCCCCC,0.0
473,TWYCFVFGDMFHYQRH,CHHHHHHHHHHHHHCC,0.0,CHHHHHCCCHHHCCCC,0.0
474,TFDHSTHDGLQFLSTS,CCCCCCCCCCCCCCCC,0.0,CCCCCCCCCCCCCCCC,0.0
475,DIWLICQDGDHTRWML,CCCEEEEECCEEEEEC,62.5,CCCCCCCCCCCCCCCC,0.0
476,RTIRVKYNGHQQEIRL,CEEEEEECCEEEEEEC,75.0,CEEEEEECCEEEEEEC,75.0
477,KYMMCATNGRPFAIEG,CEEEEEECCEEEEEEC,75.0,CCCEECCCCCEECCCC,25.0
478,DQLHIEIAGHKVLGSV,CEEEEEECCEEEEEEC,75.0,CEEEEEECCEEEEEEC,75.0
479,QATNNICLDGDCYIYD,CCCEEEEECCEEEEEC,62.5,CCCCCEEECCEEECCC,37.5
480,KYGQWQLGGMQWIMFE,CCEEEEECCEEEEECC,62.5,CCCCCCCCCCCCCCCC,0.0
481,VYSFACCDTGQFTVYR,CCCCCCCCCCCCCCCC,0.0,CCCCCCCCCCCCCCCC,0.0
482,LYAMVDRDGFMYKLFI,CEEEECCCCCEEEECC,50.0,CEEEECCCCCEEEECC,50.0
483,TMYMVFIGDMWHGRSM,CHHHHHHHHHHCCCCC,0.0,CCCCCCCCCCCCCCCC,0.0
484,NWHLAKLGDDLLYQVH,CHHHHHHHHHHHHHHC,0.0,CHHHHHHHHHHHHHHC,0.0
485,GTRYWHHDDWKFMFWL,CCCCCCCCHHHHHHHC,0.0,CCCCCCCCCHHHHCCC,0.0
486,DFICIDWDGHDYRRYV,CCCCECCCCCEHHHCC,12.5,CCCCCCCCCCCHHHHC,0.0
487,DLAILQTDGTKEISTI,CCCCCCCCCCCCCCCC,0.0,CCCCCCCCCCCCCCCC,0.0
488,VTLILSSKNRVLLLLI,CHHHHHHHHHHHHHHC,0.0,CEEEEECCCCEEEEEC,62.5
489,LAIDTRHKNGIRKLNY,CCCEEEECCEEEECCC,50.0,CCCCCCCCCCCCCCCC,0.0
490,LELHGDVNGKKFSVKG,CEEEEEECCEEEEEEC,75.0,CEEECCCCCCCCEEEC,37.5
491,LYMMNTYNGHLFKCHC,CEEECCCCCCEEECCC,37.5,CEEECCCCCCEEECCC,37.5
492,DKIFIEQKGHKHYSCI,CEEEEEECCEEEEEEC,75.0,CCCCCCCCCCCCCCCC,0.0
493,LQFQTHFDGKKIFLKG,CEEEEEECCEEEEEEC,75.0,CCCCCCECCECCCCCC,12.5
494,SLWKTRFKGSDFFFYW,CHHHCCCCCCHHHHHC,0.0,CHHHHCCCCCCCCCCC,0.0
495,AKQRFKQHGRHLDVVD,CCCCEEEECCEEEECC,50.0,CCCCCCCCCCCCCCCC,0.0
496,QHIQFIDHGELIYHLT,CCEEEEECCEEEEEEC,68.75,CCCCCCCCCCCCCCCC,0.0
497,VLAFVFGGEHKYVLQY,CCCCCCCCCCCCCCCC,0.0,CCCCCCCCCCCCCCCC,0.0
498,ILLFFTMEDMFYWFVK,CHHHHHHHHHHHHHHC,0.0,CCCCCCHHHHHHHHHC,0.0
499,AYFNFFYDGKRFKLTM,CEEEEEECCEEEEEEC,75.0,CEEEEEECCEEEEEEC,75.0
500,ATIVQYENGKSQLFYH,CEEEECCCCCEEEECC,50.0,CEEEECCCCCEEEECC,50.0